type,field,value,review_id
metadata,movie,"Crouching Tiger, Hidden Dragon",
metadata,imdb_id,tt0190332,
metadata,year,2001,
metadata,award,Oscar,
review,,"Okay, buckle up, Letterboxd fam, because I just subjected myself to...*Crouching Tiger, Hidden Dragon*. 

So, on paper, a wuxia film about lost love, duty, and kickass female warriors sounds right up my alley. But honey, this was like eating a fortune cookie filled with existential dread and lukewarm green tea.

The emotional beats felt forced, like the movie was *telling* me to feel things instead of letting me organically connect with these characters. And the dialogue? Oh god, the dialogue. Every line was either painfully poetic or so cryptic I needed a philosophical Rosetta Stone to decipher it. I get it, longing glances and unspoken feelings, but maybe sprinkle in, like, a normal conversation every once in a while?

Michelle Yeoh was, as always, a goddess. But even her talent couldn't save Shu Lien from being a walking, talking martyr. And Ziyi Zhang as Jen? I wanted to root for her rebellious spirit, but her character was so inconsistent, jumping between spoiled brat and tortured soul, I just ended up confused. Plus, the whole forbidden love thing with Lo felt less like a sweeping romance and more like a problematic power dynamic. (Seriously, kidnapping is *not* a love language).

The fight choreography was undeniably beautiful, but after the tenth gravity-defying leap, I was just waiting for someone to break an ankle. And the ending? Don't even get me started. Jen literally yeets herself off a mountain because...? Love? Regret? Some poorly defined wish fulfillment? I honestly couldn't tell you.

Ultimately, *Crouching Tiger, Hidden Dragon* left me feeling emotionally drained and intellectually insulted. It was trying so hard to be profound that it forgot to be engaging. Maybe I'm just not cultured enough to appreciate its brilliance, but honestly, I'd rather watch a brainless action flick with exploding robots than sit through that again. 

Rating: 1.5 stars (for Michelle Yeoh's cheekbones and the pretty scenery).
",context1_question1
review,,"Okay, here's my review of Crouching Tiger, Hidden Dragon, written in my voice, the night after watching it:

***

**Crouching Tiger, Hidden Dragon (2000)** ‚Äì ‚≠ê‚≠ê‚≠ê‚≠ê

Okay, wow. Just got back from watching *Crouching Tiger, Hidden Dragon* for the first time. I know, I know, I'm super late to the party, but between adulting and endless rom-com rewatches, some classics just slipped through the cracks. And let me tell you, this one landed. HARD.

First of all, the visuals? Forget CGI, the practical effects and wire-fu choreography were insane. It felt like watching a ballet of death, if that makes any sense. And the way the characters moved ‚Äì defying gravity, flitting across rooftops ‚Äì created this unreal, dreamlike atmosphere that just sucked me right in.

But beyond the beautiful fight scenes, the emotional core of the movie really resonated with me. Michelle Yeoh as Yu Shu Lien? Fierce, poised, and carrying a whole ocean of unrequited love for Li Mu Bai. Their unspoken feelings were palpable, and frankly, kind of heartbreaking. It's like, get it together, you two! Life's too short for all this tortured honor! (Says the girl who still hasn't texted her crush back, LOL.)

And then there's Zhang Ziyi as Jen. Talk about a complex character. This pampered noblewoman rebelling against societal expectations by... well, stealing a legendary sword and causing chaos. Girl, relatable. But seriously, her internal conflict between duty and desire, her struggle for freedom in a world that confines her, it hit a nerve. I think we've all been there, trying to figure out who we are and what we want in life, even if it means making some questionable choices along the way.

I especially loved the relationship between Jen and Yu Shu Lien. It starts off as this mentor/mentee dynamic, but quickly devolves into something more fraught and competitive. They are complex individuals who each want something from each other. And honestly, that broadsword fight in the courtyard was epic. It reminded me of those passive-aggressive sparring matches you sometimes have with your best friend when you‚Äôre both vying for the same thing.

Chow Yun-Fat as Li Mu Bai was a study in restraint. He was torn between his spiritual path and his feelings for Yu, and that inner turmoil just oozed off the screen.

The ending? Gut-wrenching. I won‚Äôt spoil it, but let's just say it leaves you pondering the themes of sacrifice, regret, and the choices we make. And maybe reaching for a tissue or two.

This film wasn't just a movie for me, it was a whole vibe. It‚Äôs a reminder that even the most skilled warriors are still just humans with messy emotions and desires. Definitely worth the watch, even if you're a decade or two late. Now, off to contemplate my own ""Green Destiny"" and whether I have the courage to actually chase it. Wish me luck. üòÖ
",context1_question2
review,,"Okay, here's that Letterboxd review you asked for. I tried to capture the tone and perspective you described.

**Crouching Tiger, Hidden Dragon (2000)** ‚Äì ‚òÖ‚òÖ‚òÖ

Okay, so I finally watched *Crouching Tiger, Hidden Dragon* because, like, everyone has seen it, right? I feel like I missed a cultural moment by not seeing it sooner. And honestly, it was good! But maybe not *as* good as everyone made it out to be?

The fight choreography is undeniably stunning. Like, gravity is just a *suggestion* in this movie, and I'm living for it. I kept thinking about how much training and dedication went into those scenes. But it's not just pretty action; it's like a dance. 

I'm really drawn to the character of Yu Shu Lien. Michelle Yeoh *kills* it. She's so strong and composed, but you can see all this repressed emotion bubbling beneath the surface. The unrequited love with Li Mu Bai? Ugh, talk about a slow burn that never quite ignites! I was shipping them so hard, but also yelling at them to just *talk* to each other for once! It felt like watching my own dating life play out in ancient China, lol. (Okay, maybe not *exactly*, but you get the idea.)

Jen, the young rebel, was also compelling, though a bit frustrating. I get that she wants freedom and excitement, but her impulsiveness gets her (and others!) into so much trouble. Her relationship with Lo felt kinda rushed and underdeveloped, but I still felt for them, especially when she's torn between duty and her own desires.

The ending though...I have some mixed feelings. I mean, the visuals are gorgeous, but I'm not entirely sure what it *means.* Is it hopeful? Tragic? I'm still chewing on it.

Overall, *Crouching Tiger* is definitely worth watching. It's a visually stunning film with complex characters and themes that will linger with you long after the credits roll. Just don't go in expecting a non-stop action flick. It's more like a meditation on love, duty, and the search for personal freedom, with a whole lotta kick-ass fight scenes thrown in for good measure. It's not my favorite movie ever, but It‚Äôs really good.
",context1_question3
review,,"Alright, alright, settle down, you young whippersnappers. So, I just sat through *Crouching Tiger, Hidden Dragon*, and frankly, I think my hip replacement is younger than some of the ideas in this picture.

First off, let's be clear. This ain't *The Godfather* with chopsticks. It's a melodrama disguised as a martial arts spectacle. The emotional beats felt about as genuine as a three-dollar bill. Characters mooning over unspoken affections? Give me a break. After decades in this game, I've seen more passion in a wet dish rag.

The supposed ""themes"" ‚Äì destiny, freedom, obligation ‚Äì were hammered over our heads like a gong at a Buddhist temple. Subtle? Please. It's as if the director thought the audience was comprised of goldfish with attention spans shorter than my patience.

And the characters! Oh, the characters. We have Li Mu Bai, the stoic warrior contemplating enlightenment but mostly just moping around. Yu Shu Lien, the strong, silent type harboring unrequited love. And Jen, the rebellious young woman who spends most of the movie acting like a spoiled brat with a penchant for grand theft and terrible life choices.

Speaking of spoiled brats, the performance of the actress playing Jen reminded me of my niece, who always gets what she wants. She overacts every scene, like a fire alarm going off in a library.

As for the action, well, wire work is wire work. Pretty to look at, sure, but ultimately empty calories. After the tenth gravity-defying leap, I started wondering if anyone remembered Newton.

The worst part? The ending. A literal cliffhanger that left me rolling my eyes so hard I thought I'd dislodge my dentures. It‚Äôs so bad, it goes beyond parody.

Look, maybe in 2000, this was revolutionary. But after decades of watching cinema evolve (or devolve, depending on your perspective), *Crouching Tiger, Hidden Dragon* feels like a chop suey of clich√©s and half-baked ideas. One star. And that's only because the scenery was pretty. Now, if you'll excuse me, I need a nap.
",context2_question1
review,,"Alright, alright, settle down. I‚Äôve just clawed my way out of the screening room, and I'm still trying to decide if I need another gin and tonic, or something stronger after that‚Ä¶ *Crouching Tiger, Hidden Dragon*.

Now, I remember when this thing came out. Everyone was losing their minds over it, ""Oh, the artistry, the visuals!"" Well, let me tell you, dear reader, I've seen artistry. I've seen Ingmar Bergman films at 3 AM. This? This is‚Ä¶ *different*.

The plot, as I understand it, is about honor, duty, and a stolen jade sword. (Yes, another one) Fine enough, but it's the emotional undercurrent that truly got to me. You have Li Mu Bai, the stoic warrior (Chow Yun-Fat, doing his best to act like he's above it all, which, frankly, he probably is) wrestling with the weight of his calling and, of course, his repressed feelings for Yu Shu Lien (Michelle Yeoh, carrying the film on her back, bless her heart), an equally stoic bodyguard. It's all a bit‚Ä¶ tragic, really.

But the real firecracker is young Jen (Zhang Ziyi). Spoiled, rebellious, and secretly a martial arts prodigy. She's the kind of character I usually roll my eyes at, but something about Ziyi's performance sold me. A young woman desperate for freedom, grappling with the suffocating expectations of her family. I almost felt sorry for her. *Almost*.

The fight choreography is, indeed, stunning. Elegant, balletic, and utterly defying the laws of physics. At times, it felt more like performance art than actual combat. Was it necessary? Perhaps not. Was it beautiful? Undeniably.

The real surprise, however, was the burgeoning romance between Jen and desert bandit Lo. A cheesy desert bandit at that. The flashback scenes, all swirling sand and yearning glances, were almost‚Ä¶ touching. (I swear, I think something got into my eye during that scene).

The film teeters on the edge of melodrama, but it largely manages to pull itself back with its visual grace and the sheer commitment of its performers. The ending, well, let's just say I saw it coming. The old ""leap of faith"" bit. Is it profound? Is it ridiculous? It is both! It is simultaneously! That is the beauty!

Overall, *Crouching Tiger, Hidden Dragon* is a beautiful, absurd, and surprisingly poignant spectacle. It‚Äôs not perfect, but it‚Äôs a welcome reminder that movies, even the ones with wire-fu and repressed longing, can still surprise you. See it once. See it twice. Let the wire-fu fill your dreams! But then, go back to watching The Maltese Falcon. You will be glad you did.

***3.5 out of 5 stars. Now, if you'll excuse me, I need that gin. And maybe a strong shot of whiskey. For medicinal purposes, naturally.***
",context2_question2
review,,"Right, ""Crouching Tiger, Hidden Dragon."" (Sighs audibly). Another one bites the dust. I suppose in the year 2000, this seemed groundbreaking. Now? It's‚Ä¶passable.

The emotional depth they were clearly aiming for lands with the grace of a wet noodle. The unspoken longing between Yu and Li? Please. We've seen more chemistry between a tax auditor and a stapler. And Jen's rebellious spirit? More like a spoiled brat throwing a tantrum because she can't have her way.

As for performances...Michelle Yeoh does what she can with the material, bless her. Chow Yun-Fat, well, he's Chow Yun-Fat. Stoic, brooding. It's a role he could sleepwalk through. Young Zhang Ziyi certainly had presence.

The choreography... Oh, the wires! So obvious, so dated. It's like watching a high-wire act at the circus, only less thrilling. The bamboo forest fight? Visually arresting, yes, but utterly devoid of any real danger. 

The themes of duty versus desire, tradition versus freedom ‚Äì all hammered home with the subtlety of a sledgehammer. The screenplay is by the numbers.

Overall, it's a film that tries to be profound and ends up being merely‚Ä¶there. It is a product of its time.
 I have seen worse, much worse. *Two and a half stars. I suppose.* Now, if you'll excuse me, I need a very large glass of scotch. And maybe a nap. 
",context2_question3
review,,"Okay, film club fam, lemme drop my hot take on *Crouching Tiger, Hidden Dragon*. Prepare yourselves; this is gonna be a bumpy ride.

So, like, everyone *raved* about this movie when it dropped in 2000, right? Oscar bait central. But lemme tell you, as someone deeply immersed in the *actual* cinematic landscape, I was... underwhelmed. Visually, it‚Äôs kinda fire, I'll give it that. Ang Lee definitely had a vision, channeling wuxia aesthetics through a sort of arthouse lens. The fight choreography is admittedly pretty awesome, those gravity-defying wire-fu scenes were, like, totally Tumblr-core back in the day. But beneath the pretty exterior? Yikes.

First of all, the plot? Basic. A sword gets stolen (the ""Green Destiny"", eye roll), and everyone flies around trying to get it back. It's basically a high-fantasy fetch quest, but, like, make it *ancient China*. And the characters? So. Predictable. You got your stoic, emotionally repressed Li Mu Bai (Chow Yun-Fat just looks *tired*, bless him), the unfulfilled warrior Yu Shu Lien (Michelle Yeoh deserves better, tbqh), and Jen Yu (Zhang Ziyi) the rebellious young noble who‚Äôs just, so, *misunderstood*. 

And don't even get me *started* on the romance. The repressed sexual tension between Li Mu Bai and Yu Shu Lien is cringier than a boomer trying to use TikTok. They stare longingly at each other for, like, two hours, but never actually *do* anything. It‚Äôs so *boring*. And then there's Jen and Lo, the desert bandit. Their backstory is so melodramatic it gave me, like, whiplash. It screams YA romance novel written by someone who‚Äôs never actually left their gated community. I was expecting a Twilight twist, but at least Twilight did what it had to do.

The dialogue, oh god, the *dialogue*. It's all vague pronouncements about destiny and duty and emotional repression. Like, ""To repress one's feelings only makes them stronger?"" Okay, fortune cookie. I get it, they‚Äôre going for that deep, symbolic, A24-vibes, but it just comes across as pretentious AF. 

And the ending? Don't even. Jen's just like, ""I'm gonna yeet myself off this mountain,"" and then *does it*. Are you kidding me? After all that character development, that's how they wrap things up? It‚Äôs the cinematic equivalent of a blue checkmark on Twitter suddenly announcing they're ""leaving social media for their mental health.""

Look, I know I sound harsh. I get that *Crouching Tiger, Hidden Dragon* was a big deal for Asian representation in Hollywood, and I appreciate that. But as a *movie*, it's just‚Ä¶ meh. It‚Äôs like that one indie band everyone hypes up, but when you actually listen, it‚Äôs just a bunch of aimless sound with no payoff. It‚Äôs a visual spectacle that falls flat emotionally, and frankly, I think it‚Äôs aged worse than that one meme your aunt still shares on Facebook. Give me *Everything Everywhere All at Once* any day. That film is cinema. This? This is just‚Ä¶ overrated.
",context3_question1
review,,"Okay, so I just finished watching *Crouching Tiger, Hidden Dragon*, and like, WOW. I know it came out in 2000, which is basically ancient history in internet years, but trust me, this movie *still* SLAPS.

First off, the visuals are *chef's kiss*. Ang Lee was clearly on something when he made this. The fight scenes? Forget about it. It's like a ballet, but with swords and wirework that would make Spider-Man jealous. Seriously, I was on the edge of my seat the whole time. The scene in the bamboo forest? Iconic. It's the kind of stuff that A24 wishes they could pull off (but let's be real, they can't). I felt like I was playing the 2000s *Crouching Tiger, Hidden Dragon* video game for the PC. 

And the soundtrack? Yo-Yo Ma's cello? Goosebumps, people. Absolute goosebumps. It elevates every scene, makes you feel all the feels. You know how in *Euphoria* they use Labrinth's music to make you cry even when nothing's happening? This is that, but like, way classier.

Now, let's talk characters. Michelle Yeoh as Yu Shu Lien? Total badass. She's graceful, strong, and clearly carrying a massive torch for Li Mu Bai (Chow Yun-Fat). And Chow Yun-Fat? Ugh, so conflicted! He wants to retire from the warrior life, but he's also got this major thing for Yu Shu Lien that they *never* act on. Like, get a room, you two! It's giving major *Before Sunrise* vibes, but with more sword fights and less witty banter.

But the real scene-stealer? Zhang Ziyi as Jen. She's like, the proto-manic pixie dream girl, but instead of quirky fashion choices, she's got mad skills with a sword. Her character arc is wild. She starts off as this spoiled governor's daughter, then she becomes a total Robin Hood-esque vigilante! Plus, she looks like a cool, historical version of Ariana Grande. Her battle with Michelle Yeoh in the courtyard? Legendary. It was like watching a K-pop dance battle, but with way more at stake.

Okay, now for my hot takes. I think that the movie is a clever critique of repression and societal expectations. These characters are trapped by honor, duty, and the pressure to conform. Like, Li Mu Bai's enlightenment doesn't bring him peace, it just makes him realize how much he's been holding back. And Yu Shu Lien? She's basically stuck in the friend zone forever because of some old-school code. It's messed up!

And don't even get me started on Jade Fox (Cheng Pei-pei). She's the ultimate scorned woman, out for revenge because she was denied the secrets of Wudan martial arts. It's like, girl, I get it. Gatekeeping is real. But maybe don't murder your master?

The ending though? Tragic AF! Like, the whole movie's about unspoken feelings, and then Li Mu Bai finally confesses his love to Yu Shu Lien *as he's dying*? I audibly gasped. And Jen's final leap of faith? So ambiguous! Does she die? Does she fly to the desert to be with Lo? We'll never know! It's the kind of ending that makes you want to write fanfiction. 

Honestly, *Crouching Tiger, Hidden Dragon* is a masterpiece. It's beautiful, exciting, and surprisingly deep. If you're looking for a movie that will make you think, feel, and maybe even shed a tear, this is it. 

**Rating:** 5 out of 5 stars. 
**Verdict:** Essential viewing for any film club member (and anyone who wants to pretend they have good taste). Now, if you excuse me, I'm gonna go practice my wirework.
",context3_question2
review,,"Okay, fam, buckle up, because I just watched *Crouching Tiger, Hidden Dragon* and I have *thoughts*. Like, so many thoughts, I could write a whole Substack about this.

First of all, Ang Lee? More like *Ang GOAT*! Seriously, the man knows how to direct a fight scene like nobody's business. Forget *John Wick*, this is *ballet* with swords. The wire work is so good, it's like they invented physics just to break them. Also, the cinematography is beautiful, like a painting, but with flying people. 

The plot, though? Okay, listen up, because it's like a soap opera but with martial arts. Li Mu Bai, played by the amazing Chow Yun-Fat (who I now have a major crush on), is this legendary Wudang warrior who's having, like, a spiritual crisis. He's all, ""I need to find peace,"" so he decides to give his magical sword, Green Destiny, to his friend Sir Te. But then *BAM*, it gets stolen! Drama!

Enter Yu Shu Lien, played by Michelle Yeoh, who is, let's be real, a queen. She's running a security business, trying to be all responsible, but she's also got the hots for Li Mu Bai. The tension between them is *palpable*, y'all. It's like they're in a Jane Austen novel, but instead of bonnets, they're rocking swords. Sir Te keeps telling them to tell each other how they feel. So true, just say it so it can get resolved.

Then there's Jen Yu, played by Zhang Ziyi, who is, like, peak rebellious teen energy. She's getting married off to some guy she doesn't love and is like, ""Nah, fam, I'm gonna steal a sword and become a ninja."" Honestly, relatable. She's trained by Jade Fox, her governess, who is actually the master criminal who killed Li Mu Bai's master. Plot twist!

Speaking of Jade Fox: peak villain energy. 

Now, the action scenes? *Chef's kiss*. The fight in the bamboo forest? Iconic. It's giving *Avatar*, but with more emotional baggage. The soundtrack bumps as well.

Okay, let's talk themes, because I'm trying to be all Film Club President here. This movie's all about repression, right? Li Mu Bai and Yu Shu Lien are so busy being honorable that they can't admit they're in love. Jen is suffocated by societal expectations, so she goes wild. It's basically a metaphor for how everyone just needs to, like, chill and be themselves, man. Also, the movie is all about duality, the dichotomy between love and duty, action and contemplation, yin and yang.

It does have some problematic stuff, gotta be real. There are some outdated gender roles going on.

So, final verdict? This isn't *Parasite* or *Everything Everywhere All at Once* levels of masterpiece, but it's still pretty great. I can see why it won all those Oscars. It's a visually stunning, emotionally resonant action movie that's perfect for a Friday night when you wanna feel cultured but also see some people kick butt.

**Final Grade: 3.5/5 Stars.** Would recommend if you are looking for a ""pretty-good"" movie.

P.S. I'm now accepting applications for anyone who wants to come to watch movies at my house and talk about them for hours, send me a DM or fill out the form on the film club website.
",context3_question3
review,,"Alright, so I just walked out of ""Crouching Tiger, Hidden Dragon,"" and let me tell you, it's exactly the kind of pretentious garbage the liberal elites in Hollywood shove down our throats.

First off, the acting? Don't even get me started. This Michelle Yeoh woman, playing this Yu Shu Lien character, is supposed to be this tough broad, but she just emotes like a wet blanket. And Chow Yun-Fat? Guy's got charisma, sure, but he's wasted playing this holier-than-thou Li Mu Bai. All that talk about ""enlightenment"" and ""sorrow"" just sounds like new age drivel. Get over yourself, buddy, and pick up a gun!

And the plot? Some sword gets stolen, big deal. Then you got these whiny broads fighting over it and their feelings or whatever. It's like a soap opera with wire-fu. All that slow-motion posing and jumping around on bamboo trees is just style over substance. Give me a good, old-fashioned Western with some real explosions any day. At least then you know where you stand.

This ""Jade Fox"" character? Supposed to be this master criminal, but she's about as threatening as my grandma. And this Jen character? Ugh, spoiled brat running around thinking she knows everything. And the love story is just laughable. A barbarian meets a princess and they fall in love, yawn.

They try to pass off as ""deep"" or ""meaningful,"" but it's all just a bunch of fortune cookie philosophy dressed up in fancy costumes. Honestly, it feels like they just threw a bunch of random plot points together and called it a movie. And don't even get me started on the ending.

Bottom line? ""Crouching Tiger, Hidden Dragon"" is a waste of time and money. If you want to see a real action movie, go watch ""Die Hard"" or something. At least that has some actual testosterone.
",context4_question1
review,,"Alright, so I just got out of this flick, ""Crouching Tiger, Hidden Dragon,"" and, look, I gotta be honest. It's overhyped garbage.

First off, the acting? Forget about it. These supposed ""warriors"" are just prancing around like ballerinas with swords. Michelle Yeoh? Total snooze-fest. I'm supposed to believe she's some badass protector? Nah. She has the range of a Ken doll. Chow Yun-Fat is just as bad, mumbling about meditation and some ""endless sorrow."" Get over it, tough guy. 

And don't even get me started on this young, spoiled brat Jen.  She's like a rebellious teenager with a deadly weapon.  Her character is so damn annoying, always whining about wanting to be ""free.""  Honey, you're getting married into a powerful family, what's the problem? She is so entitled!

The plot? It's convoluted and makes no sense. Some stolen sword, some master criminal, some forbidden love. It's all over the place.  And the worst part?  This whole ""Wudan"" bullcrap.  It's all about some mystical crap. And the jumping around on bamboo trees? This crap would never happen in the real world.

I will say the final scene was... somewhat passable. I think it was a waste of time and money, and if you got nothing better to do, then go see it, otherwise just skip it.
",context4_question2
review,,"Alright, so I just got back from seeing this flick, ""Crouching Tiger, Hidden Dragon."" What a joke. I swear, Hollywood's gone completely off the rails with this woke nonsense. 

First off, the actors? Don't even get me started. They're all supposed to be these legendary warriors, but most of them looked like they couldn't handle a stern breeze, let alone a sword fight. And the main chick, Yu Shu Lien, I think her name was? Supposed to be this strong, independent woman, but all she does is moon over this Li Mu Bai dude like a lovesick teenager. Get over it, lady!

And the characters? Forget about it. The ""hero,"" Li Mu Bai, is some wishy-washy guy who's too busy meditating to actually, you know, *do* anything. He wants to give up his sword because it's ""seen too much blood""? Grow a pair, pal! It's a sword! It's supposed to see blood! And this Jen character, the spoiled rich girl? She's just a whiny brat who thinks stealing a sword and running away from her wedding is somehow empowering. Newsflash: it's not. It's just selfish.

The plot? Oh, the plot is a convoluted mess. They're chasing after this stolen sword, but it's all just an excuse for these ridiculous wire-fu fight scenes. I'm talking about people flying through the air like they're auditioning for Cirque du Soleil. It's so over-the-top it's laughable. And the whole romance angle? Please. It's just forced and melodramatic.

Honestly, this movie is just another example of Hollywood pandering to the liberal elite. It's all about feelings and emotions and ""finding yourself."" Give me a break. I'd rather watch a good old-fashioned war movie with some real heroes and some real action. This movie? Total waste of time and money. Don't bother. Seriously. Go do something more productive, like clean your guns.
",context4_question3
review,,"Alright, buckle up, buttercups. I just got back from seeing *Crouching Tiger, Hidden Dragon*, and let me tell you, my Chi is seriously out of alignment.

First, let‚Äôs address the elephant in the room ‚Äì or should I say, the tiger jumping on rooftops. The wire work? Overdone. I felt like I was watching a Cirque du Soleil audition gone horribly wrong. At some point, gravity needs to get a word in. 

The plot? A stolen sword, star-crossed lovers, and a quest for vengeance. Groundbreaking, I know. The dialogue felt like it was written by fortune cookies ‚Äì overly poetic and ultimately, meaningless. ""I would rather be a ghost, drifting by your side... as a condemned soul... than enter heaven without you?"" Give me a break. Get some therapy, buddy.

The performances were... adequate. Michelle Yeoh did her best with what she was given. But the real controversy is Zhang Ziyi. She has a very expressive face. You can see her ""acting"". There's also that whole Lo and Jen thing. It felt forced, unconvincing, and a little bit like a teenage daydream. 

Now, I know what you‚Äôre thinking: ‚ÄúBut, Delia, it‚Äôs a classic!‚Äù And to that, I say: Classic doesn't always mean good. It just means it's been around a while. Frankly, I was bored. I found myself wishing I was home, organizing my spice rack. I'd rather watch a good episode of *Columbo*. At least he's grounded.

Maybe I'm just too jaded, but I think this film has been severely overhyped. Save your money, folks. Go see something else. Maybe a documentary about competitive dog grooming. I hear those are surprisingly engaging.
",context5_question1
review,,"Alright, settle in, dearies. Let's talk *Crouching Tiger, Hidden Dragon*. I finally got around to watching this late 90s early 2000s ""classic"" last night, and, well, it was an experience. 

First off, the scenery! Oh, the sweeping landscapes! It's all very pretty, I‚Äôll give it that. All those bamboo forests and ancient courtyards. Makes me want to book a trip to China... if I weren't so perfectly happy with my little town in the Midwest.

The story, though... hmmm. So, you've got a legendary sword, the Green Destiny (dramatic name!), stolen, and everyone is suddenly doing a lot of graceful high-flying moves about it. It‚Äôs all very serious, very philosophical, and very, *very* much about suppressed emotions. Apparently, these warriors can leap over rooftops but can't manage to have a decent conversation about their feelings. Honestly, get a therapist, people!

Michelle Yeoh is, as always, magnificent. She's all steely resolve and quiet longing. I truly like her, and she has a lot of talent that is why she became a big star. Chow Yun-Fat is, well, Chow Yun-Fat. Brooding, intense, and radiating an almost comical level of stoicism. He did his best for the part.

And then there's Zhang Ziyi as Jen. Oh, sweetie, that girl had some real rage issues going on. She's supposed to be this rebellious spirit trapped by societal expectations, but it comes across as more spoiled than sympathetic. And her love story with that bandit, Lo? About as believable as a politician's promise. Though I can see why Lo (Chang Chen) was so hot for her character. Who doesn't love a pretty, young, and immature lady?

The fight scenes are undeniably impressive. All that gravity-defying wirework. But after a while, it all becomes a bit repetitive, doesn't it? Leap, twirl, kick, repeat. And did anyone else notice how conveniently everyone always lands in a perfectly picturesque pose?

The ending. Oh, the ending. Let‚Äôs just say there's a leap of faith involved. Literally. And figuratively. A lot of emotional stuff going on at that point.

Look, *Crouching Tiger, Hidden Dragon* is not a bad film, it's just...overrated. It's beautiful to look at, the actors are talented, and the action is fun. But it‚Äôs also pretentious. And ultimately, it didn‚Äôt resonate as much as I thought it would. I give it 3 out of 5 stars. If you like martial arts and pretty scenery, give it a watch. If not, there are better ways to spend your evening. Now, if you'll excuse me, I'm going to make a cup of tea and contemplate the meaning of letting go, or maybe I'll just watch something a little more modern and relaxing on Netflix, hmmm.
",context5_question2
review,,"Alright, alright, settle down. Let me tell you about this little‚Ä¶ *thing* I saw last night. ""Crouching Tiger, Hidden Dragon."" Now, I know what you're thinking: Ang Lee, martial arts, acclaimed masterpiece. But let's be honest, a lot of ‚Äúmasterpieces‚Äù are just movies people are afraid to admit they don't fully understand.

The plot, well, it‚Äôs there. A sword is stolen, a quest for vengeance ensues, and there's a whole lot of unspoken longing between a stoic warrior, Li Mu Bai, and a shrewd businesswoman, Yu Shu Lien. Honestly, the real drama isn‚Äôt the sword fights, it's the emotional constipation these two exhibit. They‚Äôre clearly head-over-heels, but they're too busy respecting tradition and their dead friend to just get on with it. It‚Äôs like watching two very attractive statues yearning for each other from across a crowded room. Get a room, people! 

Then there's the young firebrand, Jen, played with a sort of petulant energy by Zhang Ziyi. She's got the whole rebellious-daughter-about-to-be-married-off thing down pat, and clearly has a thirst for adventure that a stuffy marriage won't quench. She steals the Green Destiny sword and runs around causing trouble, and becomes a student of Jade Fox, a female villain, who is supposed to be an antagonist, but is one of the more interesting characters of the movie. Michelle Yeoh as Yu Shu Lien, is a great casting choice. She's a strong woman, very independent and is a great female lead in this movie. Chow Yun-Fat, playing Li Mu Bai, does great with the subtle performance of a man with a longing, who is trying to overcome his emotions.

The fight choreography is, admittedly, quite beautiful. These folks spend more time floating through the air than actually touching the ground, which is a bit much. I swear, there's one scene in a bamboo forest where they're practically having a ballet. I found myself wondering if they needed a safety harness or something.

The film tries to grapple with themes of freedom versus duty, tradition versus modernity, and the power of unspoken emotions, but frankly, it feels a bit heavy-handed. It‚Äôs all very pretty to look at, but at times, it felt like I was being lectured on Eastern philosophy by someone who'd just skimmed the SparkNotes. 

The ending? Let‚Äôs just say I found it a bit‚Ä¶ anticlimactic. There's a leap of faith (literally) and we're left to ponder the meaning of it all. Frankly, I pondered if anyone had actually bothered to check the weather forecast before jumping.

Overall? It's fine. Visually stunning, the acting is good, but the pacing is a bit slow, and the high-flying antics gets exhausting at times. If you're in the mood for some pretty scenery and a vaguely philosophical story, give it a go. Just don‚Äôt expect your mind to be blown. Three out of five stars. Now, if you'll excuse me, I need a drink. All that repressed emotion is exhausting.
",context5_question3
